url_path,views_total,views_unique
/jongpie/ApexUuid,82,53
/jongpie/ApexUuid/tree/master/src/classes,17,8
/jongpie/ApexUuid/tree/master/src,13,8
/jongpie/ApexUuid/blob/master/src/classes/Uuid.cls,11,7
/jongpie/ApexUUID,10,9
/jongpie/ApexUUID/blob/main/apex-uuid/classes/Uuid.cls,8,7
/jongpie/ApexUUID/tree/main/apex-uuid/classes,6,6
/jongpie/ApexUuid/tree/main/apex-uuid/classes,4,4
/jongpie/ApexUuid/blob/main/apex-uuid/classes/Uuid.cls,4,3
/jongpie/ApexUuid/blob/master/src/classes/Uuid_Tests.cls,4,2
